{"best_val_loss":0.33919209241867065,"_timestamp":1.7547207119603994e+09,"val_loss":0.33919209241867065,"val_accuracy":0.8532894253730774,"best_epoch":4,"auc":0.9174197316169739,"lr":4.999999873689376e-05,"loss":0.35390204191207886,"graph":{"size":860,"path":"media/graph/graph_summary_15c20ad3cf9726819ef4.graph.json","_type":"graph-file","sha256":"15c20ad3cf9726819ef40c41a1bfa0712265097d44595f87277d62c4f93397a4"},"accuracy":0.8457902669906616,"_step":4,"_wandb":{"runtime":1298},"val_auc":0.9255541563034058,"epoch":4,"_runtime":1298}