{"_runtime":665,"val_auc":0.9359953999519348,"loss":0.3349897265434265,"auc":0.9263144135475159,"epoch":9,"_step":9,"_timestamp":1.7546626065075119e+09,"lr":6.24999984211172e-06,"_wandb":{"runtime":665},"accuracy":0.8568174242973328,"best_epoch":9,"val_accuracy":0.8666515350341797,"graph":{"_type":"graph-file","sha256":"6884c87c4d63f08852ec4eab56af35148b753b0c2ea2df4fa3c845fcf1cc48ad","size":877,"path":"media/graph/graph_summary_6884c87c4d63f08852ec.graph.json"},"best_val_loss":0.31386598944664,"val_loss":0.31386598944664}