{"auc":0.9200444221496582,"_wandb":{"runtime":2290},"val_auc":0.9279725551605225,"val_loss":0.33343204855918884,"lr":6.24999984211172e-06,"epoch":9,"best_val_loss":0.33343204855918884,"best_epoch":9,"val_accuracy":0.8562436103820801,"loss":0.347907692193985,"graph":{"_type":"graph-file","sha256":"81b65296c5645b956bb33ef8175d04cb5401c24d21048d5f27146dffd9b8fcf0","size":860,"path":"media/graph/graph_summary_81b65296c5645b956bb3.graph.json"},"_step":9,"_timestamp":1.7546655653411522e+09,"_runtime":2290,"accuracy":0.8482275009155273}