{"_step":9,"lr":6.24999984211172e-07,"accuracy":0.9689239859580994,"_runtime":8106,"epoch":9,"_wandb":{"runtime":8106},"val_loss":0.1113385334610939,"graph":{"_type":"graph-file","sha256":"7484caf286d74b590991cae20b98c611d6093bcd7b0a0fe205624108412cd74d","size":838,"path":"media/graph/graph_summary_7484caf286d74b590991.graph.json"},"val_auc":0.9905030727386475,"_timestamp":1.7546742609530358e+09,"best_val_loss":0.1113385334610939,"loss":0.08692321926355362,"auc":0.9944438934326172,"best_epoch":9,"val_accuracy":0.960027277469635}