{"_step":9,"_wandb":{"runtime":2377},"accuracy":0.8489773869514465,"_runtime":2377,"val_accuracy":0.8560391068458557,"_timestamp":1.7547233267377005e+09,"lr":6.24999984211172e-06,"val_loss":0.3339403569698334,"val_auc":0.9278314709663391,"best_val_loss":0.3339403569698334,"loss":0.34823277592658997,"graph":{"path":"media/graph/graph_summary_7484caf286d74b590991.graph.json","_type":"graph-file","sha256":"7484caf286d74b590991cae20b98c611d6093bcd7b0a0fe205624108412cd74d","size":838},"epoch":9,"auc":0.9199768304824829,"best_epoch":9}