{"best_epoch":0,"best_val_loss":0.34787964820861816,"val_auc":0.9204795360565186,"_wandb":{"runtime":90},"epoch":0,"loss":0.4439833164215088,"lr":9.999999747378752e-05,"val_loss":0.34787964820861816,"val_accuracy":0.8486762642860413,"_runtime":90,"_step":0,"auc":0.8704631328582764,"accuracy":0.80027836561203,"graph":{"_type":"graph-file","sha256":"6884c87c4d63f08852ec4eab56af35148b753b0c2ea2df4fa3c845fcf1cc48ad","size":877,"path":"media/graph/graph_summary_6884c87c4d63f08852ec.graph.json"},"_timestamp":1.7546604128551993e+09}