{"best_val_loss":0.3883066773414612,"graph":{"_type":"graph-file","sha256":"bf9e1d6e8d902e980a72ac516d8b6f145028fe06fe1a431d929e101a26c5af21","size":923,"path":"media/graph/graph_summary_bf9e1d6e8d902e980a72.graph.json"},"auc":0.9363446235656738,"val_auc":0.8934654593467712,"val_loss":0.4323658049106598,"accuracy":0.8635439276695251,"val_accuracy":0.8282695412635803,"epoch":9,"_wandb":{"runtime":673},"_step":9,"best_epoch":1,"_runtime":673,"loss":0.3168310225009918,"_timestamp":1.7546574298752568e+09}