{"graph":{"_type":"graph-file","sha256":"55274a9913d262f3a57fa221c85234416c5394874bf56a895e96975eb2a2f896","size":749,"path":"media/graph/graph_summary_55274a9913d262f3a57f.graph.json"},"epoch":4,"_wandb":{"runtime":435},"val_loss":0.43464726209640503,"accuracy":0.8497841358184814,"best_epoch":3,"auc":0.9214727282524109,"_timestamp":1.7546374676138213e+09,"best_val_loss":0.3956674039363861,"_runtime":435,"val_accuracy":0.8199295401573181,"_step":4,"val_auc":0.8981177806854248,"loss":0.3491373360157013}