{"loss":0.3071499764919281,"auc":0.9401803016662598,"val_accuracy":0.7887740135192871,"_wandb":{"runtime":1921},"accuracy":0.8689410090446472,"val_auc":0.8851906657218933,"best_epoch":1,"_step":9,"graph":{"_type":"graph-file","sha256":"0dd63e5b71ad237cd3cfc1beef7cc505e039b87d3dfa4085d4a74b29ac213cbd","size":779,"path":"media/graph/graph_summary_0dd63e5b71ad237cd3cf.graph.json"},"_runtime":1921,"epoch":9,"val_loss":0.5022465586662292,"_timestamp":1.7546381895188358e+09,"best_val_loss":0.3819436728954315}