{"_wandb":{"runtime":1094},"epoch":9,"val_loss":0.5050058960914612,"auc":0.9404405355453491,"_timestamp":1.7547175852930574e+09,"best_epoch":3,"loss":0.3064066171646118,"accuracy":0.8701170086860657,"_step":9,"graph":{"_type":"graph-file","sha256":"55274a9913d262f3a57fa221c85234416c5394874bf56a895e96975eb2a2f896","size":749,"path":"media/graph/graph_summary_55274a9913d262f3a57f.graph.json"},"val_auc":0.878078043460846,"val_accuracy":0.7844336032867432,"_runtime":1094,"best_val_loss":0.4057454466819763}