{"loss":0.301429808139801,"best_val_loss":0.3930630087852478,"val_accuracy":0.8074082732200623,"auc":0.9424499273300171,"val_auc":0.8838394284248352,"val_loss":0.46431609988212585,"_runtime":9812,"epoch":9,"_timestamp":1.7546459529332397e+09,"_step":9,"accuracy":0.8720145225524902,"graph":{"_type":"graph-file","sha256":"55274a9913d262f3a57fa221c85234416c5394874bf56a895e96975eb2a2f896","size":749,"path":"media/graph/graph_summary_55274a9913d262f3a57f.graph.json"},"_wandb":{"runtime":9812},"best_epoch":2}