{"_step":9,"_wandb":{"runtime":1183},"auc":0.9267816543579102,"val_accuracy":0.8657879829406738,"best_epoch":9,"epoch":9,"loss":0.3311653435230255,"_timestamp":1.7547193162929373e+09,"val_loss":0.31252118945121765,"accuracy":0.8569537401199341,"best_val_loss":0.31252118945121765,"val_auc":0.9355230927467346,"graph":{"_type":"graph-file","sha256":"8ab5c2b340959b0911605f07aade02c268a54fb7d5d25bc4b2bc4d521d315b40","size":867,"path":"media/graph/graph_summary_8ab5c2b340959b091160.graph.json"},"lr":6.24999984211172e-06,"_runtime":1183}